mu,k1,k2,alpha,kappa
0.00389,0.487,94.01,0.26
0.00292,0.202,100.8,0.23
0.00593,0.351,110.84,0.28
0.00619,0.173,96.59,0.27
0.000857,0.0203,13.27,0.29
0.000543,0.0188,15.32,0.28
0.00206,0.0117,8.71,0.27
0.00113,0.0225,8.31,0.3
0.000682,0.0178,11.13,0.29
0.000404,0.00239,3.74,0.18
0.00164,0.0149,5.94,0.31
0.000319,0.00779,2.08,0.27